{"cameraMode":{"drawMode":0,"name":"Shaded","section":"Shading Mode"},"sceneLighting":true,"audioPlay":false,"sceneViewState":{"m_AlwaysRefresh":false,"showFog":true,"showSkybox":true,"showFlares":true,"showImageEffects":true,"showParticleSystems":true,"showVisualEffectGraphs":true,"m_FxEnabled":true},"in2DMode":false,"pivot":{"x":-15.751389503479004,"y":-11.261371612548829,"z":45.049537658691409},"rotation":{"x":0.1331702321767807,"y":-0.21377861499786378,"z":0.029431965202093126,"w":0.9673211574554443},"size":49.36302947998047,"orthographic":false}