{"cameraMode":{"drawMode":0,"name":"Shaded","section":"Shading Mode"},"sceneLighting":true,"audioPlay":false,"sceneViewState":{"m_AlwaysRefresh":false,"showFog":true,"showSkybox":true,"showFlares":true,"showImageEffects":true,"showParticleSystems":true,"showVisualEffectGraphs":true,"m_FxEnabled":true},"in2DMode":false,"pivot":{"x":-15.751389503479004,"y":-11.261371612548829,"z":45.049537658691409},"rotation":{"x":0.16439935564994813,"y":-0.3930554986000061,"z":0.07165120542049408,"w":0.901863694190979},"size":17.786653518676759,"orthographic":false}